Device,CPU,CPU,GPU,CPU,GPU
Spatial Size,GeodisTK,FastGeodis,FastGeodis,Speed-up,Speed-up
64 x 64,0.00401 s,0.00178 s,0.00245 s,2.3 x,1.6 x
128 x 128,0.01555 s,0.00279 s,0.00487 s,5.6 x,3.2 x
256 x 256,0.06412 s,0.00705 s,0.00961 s,9.1 x,6.7 x
512 x 512,0.25041 s,0.01873 s,0.01735 s,13.4 x,14.4 x
1024 x 1024,1.00589 s,0.04581 s,0.03461 s,22 x,29.1 x
2048 x 2048,4.01677 s,0.18565 s,0.07161 s,21.6 x,56.1 x
