{
    "generalised_geodesic_distance_3d": [
        0.13098487854003907,
        1.094784927368164,
        8.602601528167725,
        69.08085768222809
    ],
    "generalised_geodesic3d_raster_cpu": [
        0.03932678699493408,
        0.30489311218261717,
        2.5349778652191164,
        22.241712117195128
    ],
    "generalised_geodesic3d_raster_gpu": [
        0.007239127159118652,
        0.01783447265625,
        0.12442941665649414,
        0.9299801826477051
    ],
    "spatial_dim": [
        64,
        128,
        256,
        512
    ]
}