{
    "generalised_geodesic_distance_2d": [
        0.0040008783340454105,
        0.015547347068786622,
        0.06411871910095215,
        0.2503993511199951,
        1.0058921337127686,
        4.0167663335800174
    ],
    "generalised_geodesic2d_raster_cpu": [
        0.0017780303955078126,
        0.002790236473083496,
        0.007051777839660644,
        0.01872894763946533,
        0.0458099365234375,
        0.18565030097961427
    ],
    "generalised_geodesic2d_raster_gpu": [
        0.0024535417556762694,
        0.00487065315246582,
        0.009613299369812011,
        0.01735057830810547,
        0.03459699153900146,
        0.07159698009490967
    ],
    "spatial_dim": [
        64,
        128,
        256,
        512,
        1024,
        2048
    ]
}